{
  "base_lr": 0.0018428750873450055,
  "batch_size": 1024,
  "l1_drop": 0.2583443634354828,
  "l1_size": 263,
  "l2_drop": 0.10059899322780044,
  "l2_rate": 0.0001164376348807372,
  "l2_size": 560,
  "l3_drop": 0.34478425740422036,
  "l3_size": 471,
  "max_epochs": 80,
  "t_max": 8
}