{
  "base_lr": 0.017867905479206726,
  "batch_size": 1024,
  "l1_drop": 0.344588063677019,
  "l1_size": 345,
  "l2_drop": 0.09481304254847807,
  "l2_rate": 0.0011464741817038798,
  "l2_size": 649,
  "l3_drop": 0.3139839522037143,
  "l3_size": 512,
  "max_epochs": 80,
  "t_max": 13
}