{
  "base_lr": 0.005900880018172467,
  "batch_size": 512,
  "l1_drop": 0.30844052221736284,
  "l1_size": 336,
  "l2_drop": 0.05579605938536221,
  "l2_rate": 5.2195192005677434e-05,
  "l2_size": 549,
  "l3_drop": 0.2891169327046523,
  "l3_size": 562,
  "max_epochs": 80,
  "t_max": 13
}