{
  "base_lr": 0.017042054460252108,
  "batch_size": 1024,
  "l1_drop": 0.28602644812467504,
  "l1_size": 311,
  "l2_drop": 0.050839328746976976,
  "l2_rate": 0.0010498877116058537,
  "l2_size": 545,
  "l3_drop": 0.27034336821003296,
  "l3_size": 574,
  "max_epochs": 80,
  "t_max": 13
}