{
  "base_lr": 0.0006714020926712223,
  "batch_size": 512,
  "l1_drop": 0.2759575776715932,
  "l1_size": 324,
  "l2_drop": 0.12418152732295114,
  "l2_rate": 0.0008247432305081191,
  "l2_size": 500,
  "l3_drop": 0.3450026400499726,
  "l3_size": 491,
  "max_epochs": 80,
  "t_max": 9
}