{
  "base_lr": 0.000680613459172967,
  "batch_size": 1024,
  "l1_drop": 0.2789157507890606,
  "l1_size": 349,
  "l2_drop": 0.05989011849456564,
  "l2_rate": 0.0002108012001132294,
  "l2_size": 495,
  "l3_drop": 0.31829308013490937,
  "l3_size": 511,
  "max_epochs": 80,
  "t_max": 10
}