{
  "base_lr": 0.002857243219244963,
  "batch_size": 512,
  "l1_drop": 0.26387034804589604,
  "l1_size": 297,
  "l2_drop": 0.06474061881080223,
  "l2_rate": 6.766241619474669e-05,
  "l2_size": 546,
  "l3_drop": 0.3110318312870921,
  "l3_size": 454,
  "max_epochs": 80,
  "t_max": 11
}