{
  "base_lr": 0.0011841731685790955,
  "batch_size": 512,
  "l1_drop": 0.2920254952893554,
  "l1_size": 288,
  "l2_drop": 0.06137522912020546,
  "l2_rate": 0.0006493558292657544,
  "l2_size": 641,
  "l3_drop": 0.2596112996808449,
  "l3_size": 538,
  "max_epochs": 80,
  "t_max": 11
}