{
  "base_lr": 0.01914099449454889,
  "batch_size": 512,
  "l1_drop": 0.3025540309292853,
  "l1_size": 256,
  "l2_drop": 0.12648488658737408,
  "l2_rate": 7.060122003434e-05,
  "l2_size": 579,
  "l3_drop": 0.3030566881590677,
  "l3_size": 595,
  "max_epochs": 80,
  "t_max": 14
}