{
  "base_lr": 0.004542088457913065,
  "batch_size": 512,
  "l1_drop": 0.32880572075537934,
  "l1_size": 283,
  "l2_drop": 0.13484608826591335,
  "l2_rate": 5.621797713588705e-05,
  "l2_size": 557,
  "l3_drop": 0.27541294876197503,
  "l3_size": 646,
  "max_epochs": 80,
  "t_max": 8
}