{
  "base_lr": 0.00790331653712081,
  "batch_size": 512,
  "l1_drop": 0.321086668725285,
  "l1_size": 316,
  "l2_drop": 0.053740416559758,
  "l2_rate": 0.0014593328282369348,
  "l2_size": 647,
  "l3_drop": 0.326927360601191,
  "l3_size": 628,
  "max_epochs": 80,
  "t_max": 12
}