{
  "base_lr": 0.0005503093373574628,
  "batch_size": 512,
  "l1_drop": 0.29385092989381895,
  "l1_size": 310,
  "l2_drop": 0.05565204704463787,
  "l2_rate": 8.990358696624964e-05,
  "l2_size": 602,
  "l3_drop": 0.3137496599347951,
  "l3_size": 527,
  "max_epochs": 80,
  "t_max": 14
}