{
  "base_lr": 0.004652419253257691,
  "batch_size": 512,
  "l1_drop": 0.3400234156727215,
  "l1_size": 336,
  "l2_drop": 0.12294959122268279,
  "l2_rate": 0.00016127802871814266,
  "l2_size": 552,
  "l3_drop": 0.33163130085670584,
  "l3_size": 622,
  "max_epochs": 80,
  "t_max": 14
}