{
  "base_lr": 0.014882288966830443,
  "batch_size": 1024,
  "l1_drop": 0.25592713722602783,
  "l1_size": 348,
  "l2_drop": 0.0858018324188464,
  "l2_rate": 9.393771859693553e-05,
  "l2_size": 501,
  "l3_drop": 0.33643283493881987,
  "l3_size": 630,
  "max_epochs": 80,
  "t_max": 11
}