{
  "base_lr": 0.0029598493338788864,
  "batch_size": 512,
  "l1_drop": 0.2817260926898647,
  "l1_size": 333,
  "l2_drop": 0.12169792835614872,
  "l2_rate": 0.0009832802376254918,
  "l2_size": 492,
  "l3_drop": 0.3274952641251668,
  "l3_size": 599,
  "max_epochs": 80,
  "t_max": 10
}