{
  "base_lr": 0.0031319286800652016,
  "batch_size": 512,
  "l1_drop": 0.3290262892474327,
  "l1_size": 280,
  "l2_drop": 0.13426525560146038,
  "l2_rate": 0.0005569112502190245,
  "l2_size": 646,
  "l3_drop": 0.33601004952604746,
  "l3_size": 600,
  "max_epochs": 80,
  "t_max": 11
}