{
  "base_lr": 0.003898346302945732,
  "batch_size": 512,
  "l1_drop": 0.3242648926850962,
  "l1_size": 311,
  "l2_drop": 0.09965668353504899,
  "l2_rate": 5.073355559948906e-05,
  "l2_size": 509,
  "l3_drop": 0.33571639271598164,
  "l3_size": 558,
  "max_epochs": 80,
  "t_max": 14
}