{
  "base_lr": 0.002742637769772686,
  "batch_size": 1024,
  "l1_drop": 0.2685040749093948,
  "l1_size": 323,
  "l2_drop": 0.07692075256880114,
  "l2_rate": 6.340482444250888e-05,
  "l2_size": 466,
  "l3_drop": 0.3170693398053332,
  "l3_size": 648,
  "max_epochs": 80,
  "t_max": 13
}