{
  "base_lr": 0.0005702384859443882,
  "batch_size": 512,
  "l1_drop": 0.31888864219999125,
  "l1_size": 256,
  "l2_drop": 0.082313906193457,
  "l2_rate": 0.0003465633500190309,
  "l2_size": 523,
  "l3_drop": 0.2549647891950584,
  "l3_size": 479,
  "max_epochs": 80,
  "t_max": 11
}