{
  "base_lr": 0.024266407820999883,
  "batch_size": 512,
  "l1_drop": 0.27860882542384835,
  "l1_size": 260,
  "l2_drop": 0.09013998435663553,
  "l2_rate": 0.00020593517260597023,
  "l2_size": 621,
  "l3_drop": 0.2692222658600229,
  "l3_size": 484,
  "max_epochs": 80,
  "t_max": 8
}