{
  "base_lr": 0.0027861792713818755,
  "batch_size": 1024,
  "l1_drop": 0.2507704929320745,
  "l1_size": 278,
  "l2_drop": 0.09900564080029552,
  "l2_rate": 9.949612598918877e-05,
  "l2_size": 477,
  "l3_drop": 0.3221874988948076,
  "l3_size": 454,
  "max_epochs": 80,
  "t_max": 8
}