{
  "base_lr": 0.013119196437055431,
  "batch_size": 512,
  "l1_drop": 0.2509334709272076,
  "l1_size": 318,
  "l2_drop": 0.07230297065727603,
  "l2_rate": 0.00023763652834401654,
  "l2_size": 557,
  "l3_drop": 0.31247404923641536,
  "l3_size": 525,
  "max_epochs": 80,
  "t_max": 8
}