{
  "base_lr": 0.004700129830838721,
  "batch_size": 512,
  "l1_drop": 0.2519072069938638,
  "l1_size": 265,
  "l2_drop": 0.05677896911493882,
  "l2_rate": 0.0033764417340302957,
  "l2_size": 465,
  "l3_drop": 0.2614744048349178,
  "l3_size": 562,
  "max_epochs": 80,
  "t_max": 8
}