{
  "base_lr": 0.000782861049311983,
  "batch_size": 1024,
  "l1_drop": 0.31268611110652034,
  "l1_size": 343,
  "l2_drop": 0.08246879737224531,
  "l2_rate": 0.00020551842888479844,
  "l2_size": 458,
  "l3_drop": 0.31399755274465857,
  "l3_size": 552,
  "max_epochs": 80,
  "t_max": 10
}