{
  "base_lr": 0.0013164916645231782,
  "batch_size": 1024,
  "l1_drop": 0.28574564681268655,
  "l1_size": 337,
  "l2_drop": 0.06540977960528196,
  "l2_rate": 0.0002586108078212332,
  "l2_size": 537,
  "l3_drop": 0.2744022906353301,
  "l3_size": 542,
  "max_epochs": 80,
  "t_max": 10
}