{
  "base_lr": 0.0045718548989833185,
  "batch_size": 1024,
  "l1_drop": 0.26251143972513047,
  "l1_size": 291,
  "l2_drop": 0.08760796788407735,
  "l2_rate": 0.0001420707197028717,
  "l2_size": 625,
  "l3_drop": 0.3467634953931339,
  "l3_size": 578,
  "max_epochs": 80,
  "t_max": 10
}