{
  "base_lr": 0.016436231247895308,
  "batch_size": 512,
  "l1_drop": 0.29518271319486594,
  "l1_size": 272,
  "l2_drop": 0.12668145473096762,
  "l2_rate": 0.0007042144999432889,
  "l2_size": 632,
  "l3_drop": 0.3245019961849264,
  "l3_size": 546,
  "max_epochs": 80,
  "t_max": 8
}