{
  "base_lr": 0.031162070305826156,
  "batch_size": 512,
  "l1_drop": 0.31865200352511414,
  "l1_size": 275,
  "l2_drop": 0.0768001272184655,
  "l2_rate": 0.0005388729133730632,
  "l2_size": 508,
  "l3_drop": 0.27132540644175346,
  "l3_size": 536,
  "max_epochs": 80,
  "t_max": 9
}