{
  "base_lr": 0.006287457867987711,
  "batch_size": 1024,
  "l1_drop": 0.294811972801242,
  "l1_size": 266,
  "l2_drop": 0.07508218419812697,
  "l2_rate": 6.46499571350185e-05,
  "l2_size": 559,
  "l3_drop": 0.33752382294301025,
  "l3_size": 642,
  "max_epochs": 80,
  "t_max": 14
}