{
  "base_lr": 0.01172893451410789,
  "batch_size": 1024,
  "l1_drop": 0.32124640568817453,
  "l1_size": 342,
  "l2_drop": 0.0921126109117437,
  "l2_rate": 9.388366699305251e-05,
  "l2_size": 532,
  "l3_drop": 0.2629055792133199,
  "l3_size": 620,
  "max_epochs": 80,
  "t_max": 14
}