{
  "base_lr": 0.007458011887469768,
  "batch_size": 1024,
  "l1_drop": 0.3463605496596781,
  "l1_size": 291,
  "l2_drop": 0.07965480761132286,
  "l2_rate": 0.001998771804641769,
  "l2_size": 524,
  "l3_drop": 0.29032975613734385,
  "l3_size": 596,
  "max_epochs": 80,
  "t_max": 13
}