{
  "base_lr": 0.0019351701623434394,
  "batch_size": 512,
  "l1_drop": 0.32035608352211187,
  "l1_size": 321,
  "l2_drop": 0.10163738628584518,
  "l2_rate": 0.0011145534856746699,
  "l2_size": 633,
  "l3_drop": 0.26169764930688827,
  "l3_size": 616,
  "max_epochs": 80,
  "t_max": 10
}