{
  "base_lr": 0.008127440588432512,
  "batch_size": 1024,
  "l1_drop": 0.3488421688102519,
  "l1_size": 314,
  "l2_drop": 0.1302395388425602,
  "l2_rate": 0.0001785110531773462,
  "l2_size": 612,
  "l3_drop": 0.330323292070216,
  "l3_size": 589,
  "max_epochs": 80,
  "t_max": 12
}