{
  "base_lr": 0.012645070199508446,
  "batch_size": 512,
  "l1_drop": 0.3247272111507526,
  "l1_size": 308,
  "l2_drop": 0.10817762213416249,
  "l2_rate": 6.493503332209679e-05,
  "l2_size": 587,
  "l3_drop": 0.3129062529229215,
  "l3_size": 568,
  "max_epochs": 80,
  "t_max": 12
}