{
  "base_lr": 0.04323247479282989,
  "batch_size": 1024,
  "l1_drop": 0.2674041548268458,
  "l1_size": 282,
  "l2_drop": 0.14710251243084177,
  "l2_rate": 0.00010223474032060541,
  "l2_size": 532,
  "l3_drop": 0.30965968990758136,
  "l3_size": 494,
  "max_epochs": 80,
  "t_max": 8
}