{
  "base_lr": 0.0008934533186756066,
  "batch_size": 1024,
  "l1_drop": 0.25924374159000774,
  "l1_size": 348,
  "l2_drop": 0.09614831917249807,
  "l2_rate": 6.298821961797788e-05,
  "l2_size": 489,
  "l3_drop": 0.2894867020279519,
  "l3_size": 532,
  "max_epochs": 80,
  "t_max": 9
}