{
  "base_lr": 0.013008463627932357,
  "batch_size": 512,
  "l1_drop": 0.2838436923756458,
  "l1_size": 319,
  "l2_drop": 0.13582946389027475,
  "l2_rate": 0.00028753882150298196,
  "l2_size": 615,
  "l3_drop": 0.27598281228373844,
  "l3_size": 473,
  "max_epochs": 80,
  "t_max": 9
}