{
  "base_lr": 0.0019613240952928816,
  "batch_size": 1024,
  "l1_drop": 0.30300878317979174,
  "l1_size": 307,
  "l2_drop": 0.08576995905003279,
  "l2_rate": 0.0005933288735985266,
  "l2_size": 520,
  "l3_drop": 0.3045825483183167,
  "l3_size": 638,
  "max_epochs": 80,
  "t_max": 9
}