{
  "base_lr": 0.0014004237824406605,
  "batch_size": 1024,
  "l1_drop": 0.3080246213415786,
  "l1_size": 297,
  "l2_drop": 0.05595033297193121,
  "l2_rate": 0.00186024168245746,
  "l2_size": 500,
  "l3_drop": 0.32332815851313773,
  "l3_size": 457,
  "max_epochs": 80,
  "t_max": 9
}