{
  "base_lr": 0.024197249138483597,
  "batch_size": 512,
  "l1_drop": 0.3492180940904327,
  "l1_size": 304,
  "l2_drop": 0.12893464427902632,
  "l2_rate": 0.0019509082489390852,
  "l2_size": 488,
  "l3_drop": 0.26619804703065414,
  "l3_size": 572,
  "max_epochs": 80,
  "t_max": 14
}