{
  "base_lr": 0.0019973188501277847,
  "batch_size": 1024,
  "l1_drop": 0.2532480683282928,
  "l1_size": 349,
  "l2_drop": 0.07264013095555685,
  "l2_rate": 8.288007500327866e-05,
  "l2_size": 566,
  "l3_drop": 0.2756911796823107,
  "l3_size": 645,
  "max_epochs": 80,
  "t_max": 9
}