{
  "base_lr": 0.025564362330856294,
  "batch_size": 512,
  "l1_drop": 0.2949759858916812,
  "l1_size": 271,
  "l2_drop": 0.13150282203489902,
  "l2_rate": 0.002815948553910601,
  "l2_size": 599,
  "l3_drop": 0.28216241479076154,
  "l3_size": 543,
  "max_epochs": 80,
  "t_max": 8
}