{
  "base_lr": 0.01289784770540592,
  "batch_size": 512,
  "l1_drop": 0.3108332308409223,
  "l1_size": 286,
  "l2_drop": 0.12670555208480225,
  "l2_rate": 0.00341336760691976,
  "l2_size": 496,
  "l3_drop": 0.3207826313247004,
  "l3_size": 554,
  "max_epochs": 80,
  "t_max": 8
}