{
  "base_lr": 0.018160720150329324,
  "batch_size": 512,
  "l1_drop": 0.25890292191059305,
  "l1_size": 339,
  "l2_drop": 0.09231523465974426,
  "l2_rate": 0.00014906275245359606,
  "l2_size": 633,
  "l3_drop": 0.2510314934894035,
  "l3_size": 597,
  "max_epochs": 80,
  "t_max": 14
}