{
  "base_lr": 0.04578898835282962,
  "batch_size": 1024,
  "l1_drop": 0.2622359114297158,
  "l1_size": 250,
  "l2_drop": 0.1021489322578998,
  "l2_rate": 0.0005070986442319244,
  "l2_size": 451,
  "l3_drop": 0.31149798806666557,
  "l3_size": 521,
  "max_epochs": 80,
  "t_max": 13
}