{
  "base_lr": 0.0013212644714163475,
  "batch_size": 512,
  "l1_drop": 0.3463645812205228,
  "l1_size": 328,
  "l2_drop": 0.14206044713837637,
  "l2_rate": 0.00028928091982163276,
  "l2_size": 461,
  "l3_drop": 0.2966010790897975,
  "l3_size": 483,
  "max_epochs": 80,
  "t_max": 8
}