{
  "base_lr": 0.0009798580903677516,
  "batch_size": 512,
  "l1_drop": 0.28777917792658175,
  "l1_size": 281,
  "l2_drop": 0.14720868650717575,
  "l2_rate": 0.002254126839688646,
  "l2_size": 638,
  "l3_drop": 0.342852383834013,
  "l3_size": 467,
  "max_epochs": 80,
  "t_max": 9
}