{
  "base_lr": 0.0041794016411131184,
  "batch_size": 1024,
  "l1_drop": 0.30226813771501426,
  "l1_size": 337,
  "l2_drop": 0.07645637663404364,
  "l2_rate": 0.00020741660085871986,
  "l2_size": 484,
  "l3_drop": 0.2576688873442216,
  "l3_size": 632,
  "max_epochs": 80,
  "t_max": 9
}