{
  "base_lr": 0.015403495698658714,
  "batch_size": 1024,
  "l1_drop": 0.3034438321353221,
  "l1_size": 299,
  "l2_drop": 0.06624333559501011,
  "l2_rate": 0.0005252885280546018,
  "l2_size": 624,
  "l3_drop": 0.2548676282083242,
  "l3_size": 647,
  "max_epochs": 80,
  "t_max": 14
}