{
  "base_lr": 0.0007964120687000886,
  "batch_size": 512,
  "l1_drop": 0.3187365920234564,
  "l1_size": 251,
  "l2_drop": 0.10384937314774043,
  "l2_rate": 0.002959160010450024,
  "l2_size": 472,
  "l3_drop": 0.2568126702143921,
  "l3_size": 628,
  "max_epochs": 80,
  "t_max": 10
}