{
  "base_lr": 0.0007422916554921112,
  "batch_size": 512,
  "l1_drop": 0.32607592628961996,
  "l1_size": 269,
  "l2_drop": 0.1127113344956231,
  "l2_rate": 0.00012132932549695689,
  "l2_size": 527,
  "l3_drop": 0.2771216685330144,
  "l3_size": 612,
  "max_epochs": 80,
  "t_max": 9
}