{
  "base_lr": 0.002402410753255264,
  "batch_size": 512,
  "l1_drop": 0.29375480255635145,
  "l1_size": 316,
  "l2_drop": 0.05180910958596036,
  "l2_rate": 0.00030595292021505944,
  "l2_size": 595,
  "l3_drop": 0.25368141842388914,
  "l3_size": 520,
  "max_epochs": 80,
  "t_max": 10
}