{
  "base_lr": 0.036028639810498475,
  "batch_size": 512,
  "l1_drop": 0.28832076259298645,
  "l1_size": 311,
  "l2_drop": 0.0902001343467111,
  "l2_rate": 0.0006205940003781876,
  "l2_size": 553,
  "l3_drop": 0.3173292937281607,
  "l3_size": 510,
  "max_epochs": 80,
  "t_max": 10
}