{
  "base_lr": 0.0005039142631963092,
  "batch_size": 1024,
  "l1_drop": 0.26081490149461595,
  "l1_size": 347,
  "l2_drop": 0.14705334228509317,
  "l2_rate": 0.001981137438410577,
  "l2_size": 486,
  "l3_drop": 0.28084375363310715,
  "l3_size": 586,
  "max_epochs": 80,
  "t_max": 10
}