{
  "base_lr": 0.007880120207353321,
  "batch_size": 1024,
  "l1_drop": 0.3425292615628228,
  "l1_size": 255,
  "l2_drop": 0.10217227651741005,
  "l2_rate": 0.0005254054308183242,
  "l2_size": 635,
  "l3_drop": 0.27399326993447887,
  "l3_size": 625,
  "max_epochs": 80,
  "t_max": 8
}