{
  "base_lr": 0.010931308876748728,
  "batch_size": 512,
  "l1_drop": 0.2606858449131598,
  "l1_size": 275,
  "l2_drop": 0.14511090299991725,
  "l2_rate": 5.389391764141296e-05,
  "l2_size": 638,
  "l3_drop": 0.2637964594724671,
  "l3_size": 630,
  "max_epochs": 80,
  "t_max": 9
}