{
  "base_lr": 0.001879362033239867,
  "batch_size": 1024,
  "l1_drop": 0.27599454938422435,
  "l1_size": 251,
  "l2_drop": 0.08571449321262263,
  "l2_rate": 0.002347600161890679,
  "l2_size": 533,
  "l3_drop": 0.33323268569064324,
  "l3_size": 564,
  "max_epochs": 80,
  "t_max": 11
}