{
  "base_lr": 0.0013963635967412925,
  "batch_size": 1024,
  "l1_drop": 0.2539402730803272,
  "l1_size": 333,
  "l2_drop": 0.062437117666476194,
  "l2_rate": 0.0006748306071229501,
  "l2_size": 626,
  "l3_drop": 0.2920738244019364,
  "l3_size": 489,
  "max_epochs": 80,
  "t_max": 8
}