{
  "base_lr": 0.012838165297669723,
  "batch_size": 1024,
  "l1_drop": 0.26731986962720056,
  "l1_size": 316,
  "l2_drop": 0.07598094938355694,
  "l2_rate": 0.0026278856751540945,
  "l2_size": 474,
  "l3_drop": 0.2543484960128584,
  "l3_size": 520,
  "max_epochs": 80,
  "t_max": 11
}