{
  "base_lr": 0.006419399777960655,
  "batch_size": 512,
  "l1_drop": 0.3171212414004313,
  "l1_size": 297,
  "l2_drop": 0.12220661889406781,
  "l2_rate": 0.0003601870075808552,
  "l2_size": 492,
  "l3_drop": 0.26276405261776015,
  "l3_size": 641,
  "max_epochs": 80,
  "t_max": 9
}