{
  "base_lr": 0.038645468253217026,
  "batch_size": 512,
  "l1_drop": 0.31504440604772904,
  "l1_size": 314,
  "l2_drop": 0.052964168148147944,
  "l2_rate": 0.0001268153499239518,
  "l2_size": 522,
  "l3_drop": 0.2870005828088658,
  "l3_size": 507,
  "max_epochs": 80,
  "t_max": 9
}