{
  "base_lr": 0.04027580719146122,
  "batch_size": 512,
  "l1_drop": 0.28584006789403127,
  "l1_size": 348,
  "l2_drop": 0.10995103655885026,
  "l2_rate": 0.0002734810735104671,
  "l2_size": 465,
  "l3_drop": 0.26182046082307453,
  "l3_size": 629,
  "max_epochs": 80,
  "t_max": 12
}