{
  "base_lr": 0.0005609882415922935,
  "batch_size": 512,
  "l1_drop": 0.34235691271011637,
  "l1_size": 314,
  "l2_drop": 0.07939969937590141,
  "l2_rate": 0.0006751441201943684,
  "l2_size": 581,
  "l3_drop": 0.3354954142517355,
  "l3_size": 544,
  "max_epochs": 80,
  "t_max": 13
}