{
  "base_lr": 0.0012776847434811899,
  "batch_size": 1024,
  "l1_drop": 0.26869479171691363,
  "l1_size": 329,
  "l2_drop": 0.14214321701284158,
  "l2_rate": 0.00039966186843630425,
  "l2_size": 519,
  "l3_drop": 0.3389809335942888,
  "l3_size": 460,
  "max_epochs": 80,
  "t_max": 10
}