{
  "base_lr": 0.002839321625816299,
  "batch_size": 1024,
  "l1_drop": 0.2906357599189312,
  "l1_size": 277,
  "l2_drop": 0.0897887052417497,
  "l2_rate": 0.0008064927233498388,
  "l2_size": 580,
  "l3_drop": 0.3039440095970394,
  "l3_size": 464,
  "max_epochs": 80,
  "t_max": 12
}