{
  "base_lr": 0.004134199980147393,
  "batch_size": 512,
  "l1_drop": 0.3466170277782502,
  "l1_size": 302,
  "l2_drop": 0.06870331840714615,
  "l2_rate": 0.002475471258626144,
  "l2_size": 594,
  "l3_drop": 0.3496520146417672,
  "l3_size": 473,
  "max_epochs": 80,
  "t_max": 8
}