{
  "base_lr": 0.042498471441056014,
  "batch_size": 1024,
  "l1_drop": 0.26152584780083804,
  "l1_size": 305,
  "l2_drop": 0.13874969794711142,
  "l2_rate": 0.0010956898813449367,
  "l2_size": 525,
  "l3_drop": 0.3003223860697467,
  "l3_size": 597,
  "max_epochs": 80,
  "t_max": 10
}