{
  "base_lr": 0.0030989099233627937,
  "batch_size": 1024,
  "l1_drop": 0.3248209480971091,
  "l1_size": 324,
  "l2_drop": 0.08654769740388679,
  "l2_rate": 0.000780762979892988,
  "l2_size": 627,
  "l3_drop": 0.25086743348515633,
  "l3_size": 535,
  "max_epochs": 80,
  "t_max": 14
}