{
  "base_lr": 0.0009694568195183732,
  "batch_size": 512,
  "l1_drop": 0.3476802801022533,
  "l1_size": 345,
  "l2_drop": 0.055049175117867756,
  "l2_rate": 0.00042761252074886006,
  "l2_size": 532,
  "l3_drop": 0.2760983728701608,
  "l3_size": 470,
  "max_epochs": 80,
  "t_max": 12
}