{
  "base_lr": 0.0320731782673438,
  "batch_size": 512,
  "l1_drop": 0.3366230026990306,
  "l1_size": 315,
  "l2_drop": 0.09304889595537094,
  "l2_rate": 0.002979888292858318,
  "l2_size": 565,
  "l3_drop": 0.3382496164651924,
  "l3_size": 626,
  "max_epochs": 80,
  "t_max": 11
}