{
  "base_lr": 0.0006110678048279886,
  "batch_size": 1024,
  "l1_drop": 0.3051532440034312,
  "l1_size": 335,
  "l2_drop": 0.05757134867814053,
  "l2_rate": 0.0019187286204568122,
  "l2_size": 645,
  "l3_drop": 0.2555804830738727,
  "l3_size": 544,
  "max_epochs": 80,
  "t_max": 8
}