{
  "base_lr": 0.01552607068390065,
  "batch_size": 1024,
  "l1_drop": 0.2662996501686791,
  "l1_size": 331,
  "l2_drop": 0.14550013449935606,
  "l2_rate": 0.00010576740812819505,
  "l2_size": 599,
  "l3_drop": 0.29526110333892713,
  "l3_size": 487,
  "max_epochs": 80,
  "t_max": 8
}