{
  "base_lr": 0.0007120644566888158,
  "batch_size": 512,
  "l1_drop": 0.2912989094796143,
  "l1_size": 321,
  "l2_drop": 0.11447377202907269,
  "l2_rate": 0.0003386815226136116,
  "l2_size": 606,
  "l3_drop": 0.2550208840143987,
  "l3_size": 543,
  "max_epochs": 80,
  "t_max": 11
}