{
  "base_lr": 0.0022491079221501923,
  "batch_size": 512,
  "l1_drop": 0.28450641416696576,
  "l1_size": 263,
  "l2_drop": 0.06974275223310214,
  "l2_rate": 0.0002788628316713774,
  "l2_size": 611,
  "l3_drop": 0.27067155477192684,
  "l3_size": 493,
  "max_epochs": 80,
  "t_max": 8
}