{
  "base_lr": 0.020676021592488984,
  "batch_size": 512,
  "l1_drop": 0.3208284165900823,
  "l1_size": 347,
  "l2_drop": 0.14500338355773246,
  "l2_rate": 5.985041057148815e-05,
  "l2_size": 470,
  "l3_drop": 0.26127987641263545,
  "l3_size": 550,
  "max_epochs": 80,
  "t_max": 10
}