{
  "base_lr": 0.010576092253501732,
  "batch_size": 512,
  "l1_drop": 0.2998555017370748,
  "l1_size": 269,
  "l2_drop": 0.06906855925243431,
  "l2_rate": 9.701481910824816e-05,
  "l2_size": 561,
  "l3_drop": 0.2918253398066675,
  "l3_size": 497,
  "max_epochs": 80,
  "t_max": 11
}