{
  "base_lr": 0.026757933949284638,
  "batch_size": 512,
  "l1_drop": 0.2888572511573221,
  "l1_size": 255,
  "l2_drop": 0.05975142358271625,
  "l2_rate": 0.0028138941526629525,
  "l2_size": 632,
  "l3_drop": 0.273167753218739,
  "l3_size": 555,
  "max_epochs": 80,
  "t_max": 14
}