{
  "base_lr": 0.0010854001087910584,
  "batch_size": 512,
  "l1_drop": 0.34014140947643073,
  "l1_size": 254,
  "l2_drop": 0.10019032216935647,
  "l2_rate": 0.0002636491295499323,
  "l2_size": 632,
  "l3_drop": 0.3099357643868882,
  "l3_size": 580,
  "max_epochs": 80,
  "t_max": 9
}