{
  "base_lr": 0.006620876159148529,
  "batch_size": 1024,
  "l1_drop": 0.3078531489224107,
  "l1_size": 274,
  "l2_drop": 0.07885345423269341,
  "l2_rate": 0.0010060070600025296,
  "l2_size": 592,
  "l3_drop": 0.2750289843239165,
  "l3_size": 563,
  "max_epochs": 80,
  "t_max": 9
}