{
  "base_lr": 0.0389424918220374,
  "batch_size": 512,
  "l1_drop": 0.3436436861499295,
  "l1_size": 282,
  "l2_drop": 0.13681031128592674,
  "l2_rate": 5.0550140404152235e-05,
  "l2_size": 607,
  "l3_drop": 0.3002127940861941,
  "l3_size": 624,
  "max_epochs": 80,
  "t_max": 11
}