{
  "base_lr": 0.01360080094576071,
  "batch_size": 1024,
  "l1_drop": 0.28244482325853526,
  "l1_size": 308,
  "l2_drop": 0.08612448341593919,
  "l2_rate": 9.023497384354396e-05,
  "l2_size": 525,
  "l3_drop": 0.29598771215063774,
  "l3_size": 457,
  "max_epochs": 80,
  "t_max": 10
}