{
  "base_lr": 0.0006413655102820963,
  "batch_size": 512,
  "l1_drop": 0.33768376979547443,
  "l1_size": 334,
  "l2_drop": 0.05409167134031028,
  "l2_rate": 0.0001113644245082978,
  "l2_size": 593,
  "l3_drop": 0.32436489734696955,
  "l3_size": 538,
  "max_epochs": 80,
  "t_max": 11
}