{
  "base_lr": 0.020634142391808323,
  "batch_size": 1024,
  "l1_drop": 0.3298557566702046,
  "l1_size": 268,
  "l2_drop": 0.07332621782267337,
  "l2_rate": 6.743194528546096e-05,
  "l2_size": 482,
  "l3_drop": 0.3162549927936155,
  "l3_size": 599,
  "max_epochs": 80,
  "t_max": 14
}