{
  "base_lr": 0.0034441496178720965,
  "batch_size": 1024,
  "l1_drop": 0.34031223193869037,
  "l1_size": 286,
  "l2_drop": 0.12657741440125567,
  "l2_rate": 0.0006834860770557253,
  "l2_size": 526,
  "l3_drop": 0.25751588182050794,
  "l3_size": 491,
  "max_epochs": 80,
  "t_max": 9
}