{
  "base_lr": 0.001961914621259574,
  "batch_size": 1024,
  "l1_drop": 0.3175527682722216,
  "l1_size": 338,
  "l2_drop": 0.05395439789076359,
  "l2_rate": 0.003637575482949325,
  "l2_size": 604,
  "l3_drop": 0.25046630554398613,
  "l3_size": 646,
  "max_epochs": 80,
  "t_max": 14
}