{
  "base_lr": 0.004050365515937089,
  "batch_size": 1024,
  "l1_drop": 0.341253273429424,
  "l1_size": 257,
  "l2_drop": 0.12185381574076395,
  "l2_rate": 0.00098162967117794,
  "l2_size": 543,
  "l3_drop": 0.3058622805728186,
  "l3_size": 465,
  "max_epochs": 80,
  "t_max": 13
}