{
  "base_lr": 0.025772115909396785,
  "batch_size": 1024,
  "l1_drop": 0.3339323749534339,
  "l1_size": 266,
  "l2_drop": 0.10686285448697269,
  "l2_rate": 0.004036700993024042,
  "l2_size": 471,
  "l3_drop": 0.2920652271853764,
  "l3_size": 604,
  "max_epochs": 80,
  "t_max": 14
}