{
  "base_lr": 0.001826990755171726,
  "batch_size": 512,
  "l1_drop": 0.3233086652656425,
  "l1_size": 293,
  "l2_drop": 0.0869657974849677,
  "l2_rate": 0.0031769783618384637,
  "l2_size": 554,
  "l3_drop": 0.2853497784974411,
  "l3_size": 558,
  "max_epochs": 80,
  "t_max": 12
}