{
  "base_lr": 0.0016027940455713174,
  "batch_size": 1024,
  "l1_drop": 0.30350952008669085,
  "l1_size": 293,
  "l2_drop": 0.06658915772027107,
  "l2_rate": 0.001965218775596953,
  "l2_size": 632,
  "l3_drop": 0.3340533084807118,
  "l3_size": 590,
  "max_epochs": 80,
  "t_max": 8
}