{
  "base_lr": 0.0053198930788334224,
  "batch_size": 1024,
  "l1_drop": 0.2857045295607184,
  "l1_size": 256,
  "l2_drop": 0.1264724595343325,
  "l2_rate": 0.0002504946546807695,
  "l2_size": 593,
  "l3_drop": 0.2978378086793616,
  "l3_size": 560,
  "max_epochs": 80,
  "t_max": 11
}