{
  "base_lr": 0.0010715919273875342,
  "batch_size": 1024,
  "l1_drop": 0.320648833668769,
  "l1_size": 342,
  "l2_drop": 0.06977326476490549,
  "l2_rate": 9.28191006797375e-05,
  "l2_size": 580,
  "l3_drop": 0.2546751849701374,
  "l3_size": 491,
  "max_epochs": 80,
  "t_max": 10
}