{
  "base_lr": 0.00341309990859737,
  "batch_size": 512,
  "l1_drop": 0.2607836982234502,
  "l1_size": 295,
  "l2_drop": 0.11051199592484777,
  "l2_rate": 5.420633219856643e-05,
  "l2_size": 600,
  "l3_drop": 0.2667436101056689,
  "l3_size": 592,
  "max_epochs": 80,
  "t_max": 11
}