{
  "base_lr": 0.008779819041938884,
  "batch_size": 1024,
  "l1_drop": 0.2921780879965511,
  "l1_size": 308,
  "l2_drop": 0.11374849104714249,
  "l2_rate": 0.0007699720341215594,
  "l2_size": 615,
  "l3_drop": 0.2784497734472357,
  "l3_size": 566,
  "max_epochs": 80,
  "t_max": 11
}