{
  "base_lr": 0.0014078957863038373,
  "batch_size": 1024,
  "l1_drop": 0.25288309884922683,
  "l1_size": 259,
  "l2_drop": 0.08830622784855209,
  "l2_rate": 0.00031810799532142216,
  "l2_size": 622,
  "l3_drop": 0.27402319082542115,
  "l3_size": 517,
  "max_epochs": 80,
  "t_max": 10
}