{
  "base_lr": 0.04865975481491903,
  "batch_size": 512,
  "l1_drop": 0.291967757891339,
  "l1_size": 287,
  "l2_drop": 0.07051538281815833,
  "l2_rate": 0.0007521717968378521,
  "l2_size": 528,
  "l3_drop": 0.29281150284678065,
  "l3_size": 480,
  "max_epochs": 80,
  "t_max": 14
}