{
  "base_lr": 0.003072306735963874,
  "batch_size": 1024,
  "l1_drop": 0.27837388511102445,
  "l1_size": 267,
  "l2_drop": 0.14735083431246424,
  "l2_rate": 0.0011754971555477704,
  "l2_size": 485,
  "l3_drop": 0.32016136566885056,
  "l3_size": 604,
  "max_epochs": 80,
  "t_max": 9
}