{
  "base_lr": 0.015697839853553698,
  "batch_size": 1024,
  "l1_drop": 0.3079700502220703,
  "l1_size": 307,
  "l2_drop": 0.06061082710362743,
  "l2_rate": 0.0005970616219135981,
  "l2_size": 465,
  "l3_drop": 0.31695863983078243,
  "l3_size": 513,
  "max_epochs": 80,
  "t_max": 9
}