{
  "base_lr": 0.020985320495546456,
  "batch_size": 512,
  "l1_drop": 0.26522688339924194,
  "l1_size": 310,
  "l2_drop": 0.09727943637279106,
  "l2_rate": 0.0006810232032248433,
  "l2_size": 582,
  "l3_drop": 0.2950540780136689,
  "l3_size": 564,
  "max_epochs": 80,
  "t_max": 10
}