{
  "base_lr": 0.0179400346506978,
  "batch_size": 512,
  "l1_drop": 0.2739441850162241,
  "l1_size": 269,
  "l2_drop": 0.11511650584288562,
  "l2_rate": 0.0019379577210930283,
  "l2_size": 646,
  "l3_drop": 0.3410945408746078,
  "l3_size": 475,
  "max_epochs": 80,
  "t_max": 13
}