{
  "base_lr": 0.0005957025340240321,
  "batch_size": 1024,
  "l1_drop": 0.3394983386973237,
  "l1_size": 295,
  "l2_drop": 0.11720088659394232,
  "l2_rate": 0.0002850774870367618,
  "l2_size": 644,
  "l3_drop": 0.340341533241731,
  "l3_size": 562,
  "max_epochs": 80,
  "t_max": 9
}