{
  "base_lr": 0.0016282093691473757,
  "batch_size": 1024,
  "l1_drop": 0.346454488218548,
  "l1_size": 338,
  "l2_drop": 0.05636351497668483,
  "l2_rate": 0.0007461103596930574,
  "l2_size": 603,
  "l3_drop": 0.3021920790099243,
  "l3_size": 542,
  "max_epochs": 80,
  "t_max": 8
}