{
  "base_lr": 0.01567034596153804,
  "batch_size": 1024,
  "l1_drop": 0.2629280607174279,
  "l1_size": 325,
  "l2_drop": 0.08363251881606848,
  "l2_rate": 0.00043247165606656,
  "l2_size": 585,
  "l3_drop": 0.2594508838917579,
  "l3_size": 521,
  "max_epochs": 80,
  "t_max": 12
}