{
  "base_lr": 0.0023131443932937297,
  "batch_size": 512,
  "l1_drop": 0.27062486767598914,
  "l1_size": 314,
  "l2_drop": 0.06864718193610914,
  "l2_rate": 5.464052172372632e-05,
  "l2_size": 509,
  "l3_drop": 0.2559720478486399,
  "l3_size": 508,
  "max_epochs": 80,
  "t_max": 14
}