{
  "base_lr": 0.0046242160945898355,
  "batch_size": 512,
  "l1_drop": 0.3444942467617926,
  "l1_size": 344,
  "l2_drop": 0.09380371988040181,
  "l2_rate": 0.00023481387012380615,
  "l2_size": 644,
  "l3_drop": 0.3237714100240978,
  "l3_size": 581,
  "max_epochs": 80,
  "t_max": 11
}