{
  "base_lr": 0.0024297972912119153,
  "batch_size": 512,
  "l1_drop": 0.25852394862709555,
  "l1_size": 295,
  "l2_drop": 0.059937713431727026,
  "l2_rate": 0.004877920295789992,
  "l2_size": 532,
  "l3_drop": 0.3138123633355332,
  "l3_size": 605,
  "max_epochs": 80,
  "t_max": 11
}