{
  "base_lr": 0.004418351667946576,
  "batch_size": 512,
  "l1_drop": 0.2525078903768571,
  "l1_size": 344,
  "l2_drop": 0.05606040181481993,
  "l2_rate": 9.017285937046481e-05,
  "l2_size": 615,
  "l3_drop": 0.2718528176694624,
  "l3_size": 458,
  "max_epochs": 80,
  "t_max": 12
}