{
  "base_lr": 0.0024772890777224952,
  "batch_size": 512,
  "l1_drop": 0.2833822210081705,
  "l1_size": 319,
  "l2_drop": 0.07534283524677837,
  "l2_rate": 0.00014754191690826267,
  "l2_size": 638,
  "l3_drop": 0.25353304004536503,
  "l3_size": 467,
  "max_epochs": 80,
  "t_max": 13
}