{
  "base_lr": 0.026690577095583038,
  "batch_size": 512,
  "l1_drop": 0.2771336105914158,
  "l1_size": 324,
  "l2_drop": 0.07747450378941638,
  "l2_rate": 0.0001040437600131697,
  "l2_size": 642,
  "l3_drop": 0.2945533292530312,
  "l3_size": 631,
  "max_epochs": 80,
  "t_max": 10
}