{
  "base_lr": 0.007267554143357452,
  "batch_size": 512,
  "l1_drop": 0.30080257517546394,
  "l1_size": 251,
  "l2_drop": 0.10487081858843586,
  "l2_rate": 0.0003705437582060749,
  "l2_size": 480,
  "l3_drop": 0.28324992134329985,
  "l3_size": 493,
  "max_epochs": 80,
  "t_max": 11
}