{
  "base_lr": 0.024142427154990927,
  "batch_size": 1024,
  "l1_drop": 0.34262838026383907,
  "l1_size": 340,
  "l2_drop": 0.14110514526825924,
  "l2_rate": 0.0010239868907164359,
  "l2_size": 472,
  "l3_drop": 0.33633006194034704,
  "l3_size": 603,
  "max_epochs": 80,
  "t_max": 11
}