{
  "base_lr": 0.00098428817467784,
  "batch_size": 512,
  "l1_drop": 0.3387355724328794,
  "l1_size": 323,
  "l2_drop": 0.07416213374833809,
  "l2_rate": 0.0003119379794973817,
  "l2_size": 467,
  "l3_drop": 0.3241180418556884,
  "l3_size": 521,
  "max_epochs": 80,
  "t_max": 8
}