{
  "base_lr": 0.006211407644478257,
  "batch_size": 1024,
  "l1_drop": 0.32697403504856754,
  "l1_size": 269,
  "l2_drop": 0.08853780590067999,
  "l2_rate": 5.587384363815667e-05,
  "l2_size": 522,
  "l3_drop": 0.2674573205748827,
  "l3_size": 469,
  "max_epochs": 80,
  "t_max": 13
}