{
  "base_lr": 0.0015262858455293773,
  "batch_size": 512,
  "l1_drop": 0.25351831360895455,
  "l1_size": 309,
  "l2_drop": 0.07792305282114596,
  "l2_rate": 0.0019308282347758308,
  "l2_size": 594,
  "l3_drop": 0.313753820182224,
  "l3_size": 458,
  "max_epochs": 80,
  "t_max": 11
}