{
  "base_lr": 0.0005811323592981407,
  "batch_size": 1024,
  "l1_drop": 0.31000495650711707,
  "l1_size": 299,
  "l2_drop": 0.13473668742483866,
  "l2_rate": 0.00011337550069456479,
  "l2_size": 543,
  "l3_drop": 0.3097588332105674,
  "l3_size": 647,
  "max_epochs": 80,
  "t_max": 11
}