{
  "base_lr": 0.0007913473956255106,
  "batch_size": 512,
  "l1_drop": 0.262965716000373,
  "l1_size": 262,
  "l2_drop": 0.10948994278228726,
  "l2_rate": 0.00015564778917517917,
  "l2_size": 487,
  "l3_drop": 0.34306512850970095,
  "l3_size": 509,
  "max_epochs": 80,
  "t_max": 10
}