{
  "base_lr": 0.03949061456538306,
  "batch_size": 512,
  "l1_drop": 0.25638332754684773,
  "l1_size": 329,
  "l2_drop": 0.14059843536739192,
  "l2_rate": 0.0004120546003861293,
  "l2_size": 609,
  "l3_drop": 0.2758193414707158,
  "l3_size": 455,
  "max_epochs": 80,
  "t_max": 14
}