{
  "base_lr": 0.006889832873113708,
  "batch_size": 1024,
  "l1_drop": 0.31445433969287645,
  "l1_size": 325,
  "l2_drop": 0.12387629850726575,
  "l2_rate": 0.00022601571652239712,
  "l2_size": 599,
  "l3_drop": 0.2668369398002142,
  "l3_size": 617,
  "max_epochs": 80,
  "t_max": 11
}