{
  "base_lr": 0.0006289993984330865,
  "batch_size": 512,
  "l1_drop": 0.27499648150863926,
  "l1_size": 302,
  "l2_drop": 0.11041169823644717,
  "l2_rate": 0.0004855786258135827,
  "l2_size": 478,
  "l3_drop": 0.32318392191238576,
  "l3_size": 469,
  "max_epochs": 80,
  "t_max": 12
}