{
  "base_lr": 0.04950414486423482,
  "batch_size": 512,
  "l1_drop": 0.28921662107767887,
  "l1_size": 274,
  "l2_drop": 0.1220950779412739,
  "l2_rate": 0.0016032678308012852,
  "l2_size": 637,
  "l3_drop": 0.3493989578766658,
  "l3_size": 600,
  "max_epochs": 80,
  "t_max": 11
}