{
  "base_lr": 0.0452562839231973,
  "batch_size": 1024,
  "l1_drop": 0.2636408159687608,
  "l1_size": 337,
  "l2_drop": 0.08471368383610299,
  "l2_rate": 0.0001739848840556241,
  "l2_size": 464,
  "l3_drop": 0.34073082364710244,
  "l3_size": 455,
  "max_epochs": 80,
  "t_max": 8
}