{
  "base_lr": 0.0025588859252734636,
  "batch_size": 1024,
  "l1_drop": 0.25931500148630343,
  "l1_size": 343,
  "l2_drop": 0.053793240284091534,
  "l2_rate": 7.803563313503323e-05,
  "l2_size": 484,
  "l3_drop": 0.3367937619006571,
  "l3_size": 489,
  "max_epochs": 80,
  "t_max": 9
}