{
  "base_lr": 0.0023775656283261137,
  "batch_size": 512,
  "l1_drop": 0.2643037599972127,
  "l1_size": 262,
  "l2_drop": 0.11294453399442428,
  "l2_rate": 0.0005455213468211155,
  "l2_size": 491,
  "l3_drop": 0.3488045644326829,
  "l3_size": 569,
  "max_epochs": 80,
  "t_max": 9
}