{
  "base_lr": 0.008766172301726452,
  "batch_size": 1024,
  "l1_drop": 0.2620622317521692,
  "l1_size": 258,
  "l2_drop": 0.052614778289870316,
  "l2_rate": 0.0001793860566703562,
  "l2_size": 635,
  "l3_drop": 0.28634940863664526,
  "l3_size": 545,
  "max_epochs": 80,
  "t_max": 9
}