{
  "base_lr": 0.017590459497785798,
  "batch_size": 512,
  "l1_drop": 0.27632621408694735,
  "l1_size": 323,
  "l2_drop": 0.07286441322038646,
  "l2_rate": 0.00023359695310971475,
  "l2_size": 541,
  "l3_drop": 0.3000099065424642,
  "l3_size": 616,
  "max_epochs": 80,
  "t_max": 11
}