{
  "base_lr": 0.018841071191297378,
  "batch_size": 1024,
  "l1_drop": 0.3222151771502507,
  "l1_size": 328,
  "l2_drop": 0.05800220786525352,
  "l2_rate": 0.000978870640523873,
  "l2_size": 481,
  "l3_drop": 0.2764790633718384,
  "l3_size": 571,
  "max_epochs": 80,
  "t_max": 10
}