{
  "base_lr": 0.0016221217608629755,
  "batch_size": 1024,
  "l1_drop": 0.2510708218518085,
  "l1_size": 340,
  "l2_drop": 0.06821073283475033,
  "l2_rate": 0.00010560543560004046,
  "l2_size": 604,
  "l3_drop": 0.2973540517569582,
  "l3_size": 610,
  "max_epochs": 80,
  "t_max": 10
}