{
  "base_lr": 0.0010725599239788228,
  "batch_size": 512,
  "l1_drop": 0.2859578451266461,
  "l1_size": 345,
  "l2_drop": 0.05867111690581843,
  "l2_rate": 0.002971570924998739,
  "l2_size": 517,
  "l3_drop": 0.26703378426993835,
  "l3_size": 639,
  "max_epochs": 80,
  "t_max": 8
}