{
  "base_lr": 0.0377076236711188,
  "batch_size": 512,
  "l1_drop": 0.3425165894164699,
  "l1_size": 289,
  "l2_drop": 0.05821641555066151,
  "l2_rate": 0.0001631861343448112,
  "l2_size": 469,
  "l3_drop": 0.25545556702862876,
  "l3_size": 579,
  "max_epochs": 80,
  "t_max": 12
}