{
  "base_lr": 0.0006539122126291064,
  "batch_size": 1024,
  "l1_drop": 0.2734993068504758,
  "l1_size": 285,
  "l2_drop": 0.05388688056182409,
  "l2_rate": 6.186379472762208e-05,
  "l2_size": 481,
  "l3_drop": 0.2821942579789194,
  "l3_size": 569,
  "max_epochs": 80,
  "t_max": 9
}