{
  "base_lr": 0.010663981019766405,
  "batch_size": 1024,
  "l1_drop": 0.2835594005168161,
  "l1_size": 292,
  "l2_drop": 0.07844440267592216,
  "l2_rate": 0.0005697651364621579,
  "l2_size": 570,
  "l3_drop": 0.30791237367624524,
  "l3_size": 514,
  "max_epochs": 80,
  "t_max": 14
}