{
  "base_lr": 0.028254421007739654,
  "batch_size": 1024,
  "l1_drop": 0.3417420566662259,
  "l1_size": 252,
  "l2_drop": 0.06506631527157598,
  "l2_rate": 0.004365350491228068,
  "l2_size": 636,
  "l3_drop": 0.26564786220702596,
  "l3_size": 630,
  "max_epochs": 80,
  "t_max": 11
}