{
  "base_lr": 0.03571412133875937,
  "batch_size": 1024,
  "l1_drop": 0.32199983195889165,
  "l1_size": 333,
  "l2_drop": 0.08776150045502393,
  "l2_rate": 0.00019086785800581264,
  "l2_size": 545,
  "l3_drop": 0.2529788673952949,
  "l3_size": 643,
  "max_epochs": 80,
  "t_max": 11
}