{
  "base_lr": 0.0013349699054684085,
  "batch_size": 1024,
  "l1_drop": 0.2692513408071426,
  "l1_size": 280,
  "l2_drop": 0.07936632389842402,
  "l2_rate": 0.0022291696586141077,
  "l2_size": 558,
  "l3_drop": 0.25359723779253107,
  "l3_size": 568,
  "max_epochs": 80,
  "t_max": 8
}