{
  "base_lr": 0.0018194545693814923,
  "batch_size": 512,
  "l1_drop": 0.26697850380557026,
  "l1_size": 282,
  "l2_drop": 0.05369028762586033,
  "l2_rate": 0.0034890076818583343,
  "l2_size": 481,
  "l3_drop": 0.34627659377505726,
  "l3_size": 644,
  "max_epochs": 80,
  "t_max": 8
}