{
  "base_lr": 0.009615056907067442,
  "batch_size": 1024,
  "l1_drop": 0.269076222743504,
  "l1_size": 283,
  "l2_drop": 0.05194214309680354,
  "l2_rate": 6.936699375960449e-05,
  "l2_size": 470,
  "l3_drop": 0.31379466077742024,
  "l3_size": 503,
  "max_epochs": 80,
  "t_max": 9
}