{
  "base_lr": 0.0017475685192942663,
  "batch_size": 512,
  "l1_drop": 0.30960763162997157,
  "l1_size": 324,
  "l2_drop": 0.0724075304381681,
  "l2_rate": 0.0015115210594081761,
  "l2_size": 573,
  "l3_drop": 0.26279591900279053,
  "l3_size": 497,
  "max_epochs": 80,
  "t_max": 8
}