{
  "base_lr": 0.006019000406139966,
  "batch_size": 512,
  "l1_drop": 0.28776880977507713,
  "l1_size": 275,
  "l2_drop": 0.061254144039207765,
  "l2_rate": 0.004768711464137999,
  "l2_size": 566,
  "l3_drop": 0.26607912510407383,
  "l3_size": 623,
  "max_epochs": 80,
  "t_max": 13
}