{
  "base_lr": 0.0006646986123931191,
  "batch_size": 512,
  "l1_drop": 0.3103684952401063,
  "l1_size": 321,
  "l2_drop": 0.13719987410406392,
  "l2_rate": 8.198022597743899e-05,
  "l2_size": 548,
  "l3_drop": 0.270298359814213,
  "l3_size": 482,
  "max_epochs": 80,
  "t_max": 14
}