{
  "base_lr": 0.024055084875045422,
  "batch_size": 1024,
  "l1_drop": 0.2556687259771238,
  "l1_size": 344,
  "l2_drop": 0.09356294433753296,
  "l2_rate": 0.00026994844811077716,
  "l2_size": 567,
  "l3_drop": 0.29840599071297647,
  "l3_size": 505,
  "max_epochs": 80,
  "t_max": 8
}