{
  "base_lr": 0.0005537892829968834,
  "batch_size": 1024,
  "l1_drop": 0.30535764312203045,
  "l1_size": 312,
  "l2_drop": 0.050802845461922166,
  "l2_rate": 0.00020208318643631217,
  "l2_size": 507,
  "l3_drop": 0.264634581252139,
  "l3_size": 646,
  "max_epochs": 80,
  "t_max": 12
}