{
  "base_lr": 0.0027453138863741144,
  "batch_size": 1024,
  "l1_drop": 0.31132056762461846,
  "l1_size": 287,
  "l2_drop": 0.14432144992291088,
  "l2_rate": 0.0022098904756060007,
  "l2_size": 641,
  "l3_drop": 0.34662018761367636,
  "l3_size": 616,
  "max_epochs": 80,
  "t_max": 8
}