{
  "base_lr": 0.005217773747700282,
  "batch_size": 1024,
  "l1_drop": 0.3404826039329778,
  "l1_size": 286,
  "l2_drop": 0.1144791051172084,
  "l2_rate": 0.002999200859017658,
  "l2_size": 635,
  "l3_drop": 0.30564683385731795,
  "l3_size": 554,
  "max_epochs": 80,
  "t_max": 11
}