{
  "base_lr": 0.005395916637746576,
  "batch_size": 1024,
  "l1_drop": 0.303011464712611,
  "l1_size": 308,
  "l2_drop": 0.08204934849690745,
  "l2_rate": 0.0004158002861089733,
  "l2_size": 471,
  "l3_drop": 0.26543801220893065,
  "l3_size": 622,
  "max_epochs": 80,
  "t_max": 10
}