{
  "base_lr": 0.012816960046922234,
  "batch_size": 512,
  "l1_drop": 0.30415840707643854,
  "l1_size": 300,
  "l2_drop": 0.1166691501543803,
  "l2_rate": 0.002505836743644684,
  "l2_size": 457,
  "l3_drop": 0.26215904503726367,
  "l3_size": 604,
  "max_epochs": 80,
  "t_max": 8
}