{
  "base_lr": 0.016708246042145613,
  "batch_size": 512,
  "l1_drop": 0.2670558803908699,
  "l1_size": 300,
  "l2_drop": 0.061723808915213826,
  "l2_rate": 0.0012538002098958772,
  "l2_size": 561,
  "l3_drop": 0.274433491621881,
  "l3_size": 585,
  "max_epochs": 80,
  "t_max": 10
}