{
  "base_lr": 0.016040348513281236,
  "batch_size": 512,
  "l1_drop": 0.34690491122435524,
  "l1_size": 344,
  "l2_drop": 0.06716038055577923,
  "l2_rate": 0.0004261792263297253,
  "l2_size": 618,
  "l3_drop": 0.3363874362360062,
  "l3_size": 618,
  "max_epochs": 80,
  "t_max": 13
}