{
  "base_lr": 0.0006398656276991359,
  "batch_size": 1024,
  "l1_drop": 0.263360623539258,
  "l1_size": 255,
  "l2_drop": 0.14677599150383733,
  "l2_rate": 0.0005203056760019714,
  "l2_size": 624,
  "l3_drop": 0.25457394608274736,
  "l3_size": 587,
  "max_epochs": 80,
  "t_max": 14
}