{
  "base_lr": 0.0022944964726449375,
  "batch_size": 1024,
  "l1_drop": 0.2900739148998413,
  "l1_size": 252,
  "l2_drop": 0.10484221004185634,
  "l2_rate": 0.0023251429900539456,
  "l2_size": 474,
  "l3_drop": 0.28114786007526776,
  "l3_size": 500,
  "max_epochs": 80,
  "t_max": 9
}