{
  "base_lr": 0.009768749194954173,
  "batch_size": 1024,
  "l1_drop": 0.32186851739080174,
  "l1_size": 287,
  "l2_drop": 0.09981574390531732,
  "l2_rate": 0.00015812913094158656,
  "l2_size": 588,
  "l3_drop": 0.31813604866724304,
  "l3_size": 568,
  "max_epochs": 80,
  "t_max": 9
}