{
  "base_lr": 0.004324000096846251,
  "batch_size": 512,
  "l1_drop": 0.26468991062845576,
  "l1_size": 291,
  "l2_drop": 0.053621222547419245,
  "l2_rate": 0.0008249372182260246,
  "l2_size": 600,
  "l3_drop": 0.33109828285098936,
  "l3_size": 617,
  "max_epochs": 80,
  "t_max": 10
}