{
  "base_lr": 0.018521794253395753,
  "batch_size": 512,
  "l1_drop": 0.2736108720218203,
  "l1_size": 258,
  "l2_drop": 0.06530020208941399,
  "l2_rate": 0.00031677436461616785,
  "l2_size": 502,
  "l3_drop": 0.2624614710575383,
  "l3_size": 480,
  "max_epochs": 80,
  "t_max": 8
}