{
  "base_lr": 0.01449577360963222,
  "batch_size": 1024,
  "l1_drop": 0.31561470329155455,
  "l1_size": 257,
  "l2_drop": 0.08873888776582929,
  "l2_rate": 0.0018368026088828372,
  "l2_size": 507,
  "l3_drop": 0.2964420185527432,
  "l3_size": 541,
  "max_epochs": 80,
  "t_max": 10
}