{
  "base_lr": 0.0008662867912866323,
  "batch_size": 512,
  "l1_drop": 0.30183320633041977,
  "l1_size": 326,
  "l2_drop": 0.09091118246935931,
  "l2_rate": 0.004245730094644927,
  "l2_size": 484,
  "l3_drop": 0.2641459392476784,
  "l3_size": 605,
  "max_epochs": 80,
  "t_max": 14
}